,p_ac_mw,q_ac_mvar,p_dc_mw,p_loss_mw,v_ac_pu,v_dc_pu,v_converter_pu,i_ac_ka
0,0.2507049133546103,8.257808430051227,0.25064057720533484,0.0,1.0300000000000002,1.02,1.0431711205783416,0.3655025338771804
1,0.7638334161380862,-12.852782626987391,0.7636676389285668,0.0,0.9999999999999999,1.0,0.9788870333685545,0.5867127174046457
2,-0.8949856710587656,-1.2808416122279596,-0.8949881126177228,0.0,1.0,1.0,0.9978960196721698,0.07120262042348345
3,-0.25,-0.075,-0.24999993167266255,0.0,0.99851825450055,1.0173928465449316,0.9983946959855877,0.011911323135363293
4,-0.76,-0.25,-0.7599993847558631,0.0,1.0199999999999998,0.9951965305511394,1.0195973422957079,0.03574262951963791
5,-0.28,-0.092,-0.2799999129707967,0.0,0.9990504230501486,1.0084665875453631,0.9988989675990619,0.01344297100370954
6,1.2,0.4,1.200001512381709,0.0,1.028559176542607,1.0233356283136767,1.0292010013864799,0.05603939859696758
