{
  "converged": true,
  "network_name": "IEEE 33-bus with MTDC",
  "res_ac_bus": {
    "0": {
      "v_pu": 1.05,
      "v_angle_deg": 0.0,
      "p_mw": 0.0,
      "q_mvar": 0.0
    },
    "1": {
      "v_pu": 1.0472113523,
      "v_angle_deg": 0.1004170947,
      "p_mw": -0.2,
      "q_mvar": -0.12
    },
    "2": {
      "v_pu": 1.0386173511,
      "v_angle_deg": 0.6690935079,
      "p_mw": -0.18,
      "q_mvar": -0.08
    },
    "3": {
      "v_pu": 1.0340958484,
      "v_angle_deg": 0.703404489,
      "p_mw": -0.24,
      "q_mvar": -0.06
    },
    "4": {
      "v_pu": 1.03,
      "v_angle_deg": 0.7475313006,
      "p_mw": 0.36,
      "q_mvar": -0.06
    },
    "5": {
      "v_pu": 1.0,
      "v_angle_deg": 1.8145540564,
      "p_mw": -0.2,
      "q_mvar": -0.1
    },
    "6": {
      "v_pu": 1.03,
      "v_angle_deg": 1.1868269153,
      "p_mw": -0.2,
      "q_mvar": -0.1
    },
    "7": {
      "v_pu": 0.9985182545,
      "v_angle_deg": 4.6381722867,
      "p_mw": -0.12,
      "q_mvar": -0.07
    },
    "8": {
      "v_pu": 0.9972899836,
      "v_angle_deg": 4.5868782861,
      "p_mw": -0.06,
      "q_mvar": -0.02
    },
    "9": {
      "v_pu": 0.9971208112,
      "v_angle_deg": 4.5660253087,
      "p_mw": -0.4,
      "q_mvar": -0.2
    },
    "10": {
      "v_pu": 0.9990504231,
      "v_angle_deg": 4.5826520448,
      "p_mw": -0.26,
      "q_mvar": -0.11
    },
    "11": {
      "v_pu": 1.045128856,
      "v_angle_deg": 0.0502259942,
      "p_mw": -0.18,
      "q_mvar": -0.08
    },
    "12": {
      "v_pu": 1.0285591765,
      "v_angle_deg": -0.331806663,
      "p_mw": -0.18,
      "q_mvar": -0.08
    },
    "13": {
      "v_pu": 1.0357255528,
      "v_angle_deg": 1.1765834834,
      "p_mw": -0.18,
      "q_mvar": -0.1
    },
    "14": {
      "v_pu": 1.03,
      "v_angle_deg": 2.2334240582,
      "p_mw": 0.38,
      "q_mvar": -0.06
    },
    "15": {
      "v_pu": 1.0237366011,
      "v_angle_deg": 3.1289276615,
      "p_mw": -0.3,
      "q_mvar": -0.1
    },
    "16": {
      "v_pu": 1.02,
      "v_angle_deg": 3.6952509102,
      "p_mw": 0.41,
      "q_mvar": -0.04
    },
    "17": {
      "v_pu": 1.0166555183,
      "v_angle_deg": 4.0166925967,
      "p_mw": -0.1,
      "q_mvar": -0.06
    },
    "18": {
      "v_pu": 1.0058515387,
      "v_angle_deg": 4.6375079429,
      "p_mw": -0.17,
      "q_mvar": -0.05
    },
    "19": {
      "v_pu": 1.0033877331,
      "v_angle_deg": 4.8689222486,
      "p_mw": -0.15,
      "q_mvar": -0.07
    },
    "20": {
      "v_pu": 1.0,
      "v_angle_deg": 5.1679682455,
      "p_mw": -0.24,
      "q_mvar": -0.16
    }
  },
  "res_ac_line": {
    "0": {
      "p_from_mw": 2.7120132185,
      "q_from_mvar": 4.6786248439,
      "p_to_mw": -2.6966283325,
      "q_to_mvar": -4.6709324009,
      "p_loss_mw": 0.0153848859,
      "q_loss_mvar": 0.007692443,
      "i_ka": 0.2346907114,
      "loading_percent": 0.0
    },
    "1": {
      "p_from_mw": 0.9150412542,
      "q_from_mvar": 3.971325457,
      "p_to_mw": -0.8683948293,
      "q_to_mvar": -3.9475478963,
      "p_loss_mw": 0.0466464249,
      "q_loss_mvar": 0.0237775607,
      "i_ka": 0.1773358666,
      "loading_percent": 0.0
    },
    "2": {
      "p_from_mw": 1.5222331134,
      "q_from_mvar": 1.0565622771,
      "p_to_mw": -1.5149760158,
      "q_to_mvar": -1.0528700695,
      "p_loss_mw": 0.0072570976,
      "q_loss_mvar": 0.0036922076,
      "i_ka": 0.08129743,
      "loading_percent": 0.0
    },
    "3": {
      "p_from_mw": 1.2749760158,
      "q_from_mvar": 0.9928700695,
      "p_to_mw": -1.269164074,
      "q_to_mvar": -0.9899152588,
      "p_loss_mw": 0.0058119418,
      "q_loss_mvar": 0.0029548107,
      "i_ka": 0.0712090031,
      "loading_percent": 0.0
    },
    "4": {
      "p_from_mw": 1.629164074,
      "q_from_mvar": 5.1595414699,
      "p_to_mw": -1.4881559926,
      "q_to_mvar": -5.037849564,
      "p_loss_mw": 0.1410080815,
      "q_loss_mvar": 0.1216919059,
      "i_ka": 0.2393725297,
      "loading_percent": 0.0
    },
    "5": {
      "p_from_mw": 0.5243225764,
      "q_from_mvar": -7.914933063,
      "p_to_mw": -0.4507049134,
      "q_to_mvar": 8.1578084301,
      "p_loss_mw": 0.0736176631,
      "q_loss_mvar": 0.2428753671,
      "i_ka": 0.3614604962,
      "loading_percent": 0.0
    },
    "6": {
      "p_from_mw": 0.13,
      "q_from_mvar": 0.005,
      "p_to_mw": -0.1298445065,
      "q_to_mvar": -0.0048776083,
      "p_loss_mw": 0.0001554935,
      "q_loss_mvar": 0.0001223917,
      "i_ka": 0.0059370552,
      "loading_percent": 0.0
    },
    "7": {
      "p_from_mw": 0.0698445065,
      "q_from_mvar": -0.0151223917,
      "p_to_mw": -0.0698271511,
      "q_to_mvar": 0.0151452413,
      "p_loss_mw": 1.73554e-05,
      "q_loss_mvar": 2.28496e-05,
      "i_ka": 0.00326529,
      "loading_percent": 0.0
    },
    "8": {
      "p_from_mw": -0.3301728489,
      "q_from_mvar": -0.2151452413,
      "p_to_mw": 0.3307492259,
      "q_to_mvar": 0.2156575764,
      "p_loss_mw": 0.0005763771,
      "q_loss_mvar": 0.0005123352,
      "i_ka": 0.0180095525,
      "loading_percent": 0.0
    },
    "9": {
      "p_from_mw": 1.5815870783,
      "q_from_mvar": 0.5796069439,
      "p_to_mw": -1.5789480368,
      "q_to_mvar": -0.5770713942,
      "p_loss_mw": 0.0026390415,
      "q_loss_mvar": 0.0025355497,
      "i_ka": 0.0732969296,
      "loading_percent": 0.0
    },
    "10": {
      "p_from_mw": 1.3989480368,
      "q_from_mvar": 0.4970713942,
      "p_to_mw": -1.38,
      "q_to_mvar": -0.48,
      "p_loss_mw": 0.0189480368,
      "q_loss_mvar": 0.0170713942,
      "i_ka": 0.0647309635,
      "loading_percent": 0.0
    },
    "11": {
      "p_from_mw": -0.8338382841,
      "q_from_mvar": 2.8109856192,
      "p_to_mw": 0.8563123252,
      "q_to_mvar": -2.7956841444,
      "p_loss_mw": 0.0224740411,
      "q_loss_mvar": 0.0153014748,
      "i_ka": 0.1286408169,
      "loading_percent": 0.0
    },
    "12": {
      "p_from_mw": -1.0363123252,
      "q_from_mvar": 2.6956841444,
      "p_to_mw": 1.0798533721,
      "q_to_mvar": -2.6613178181,
      "p_loss_mw": 0.0435410469,
      "q_loss_mvar": 0.0343663263,
      "i_ka": 0.1270627287,
      "loading_percent": 0.0
    },
    "13": {
      "p_from_mw": -0.6998533721,
      "q_from_mvar": 2.4009769828,
      "p_to_mw": 0.7328089498,
      "q_to_mvar": -2.3752138568,
      "p_loss_mw": 0.0329555777,
      "q_loss_mvar": 0.025763126,
      "i_ka": 0.1106423313,
      "loading_percent": 0.0
    },
    "14": {
      "p_from_mw": -1.0328089498,
      "q_from_mvar": 2.2752138568,
      "p_to_mw": 1.0513952013,
      "q_to_mvar": -2.2566276053,
      "p_loss_mw": 0.0185862515,
      "q_loss_mvar": 0.0185862515,
      "i_ka": 0.1112196094,
      "loading_percent": 0.0
    },
    "15": {
      "p_from_mw": 0.1186047987,
      "q_from_mvar": 1.8954741887,
      "p_to_mw": -0.1076149489,
      "q_to_mvar": -1.889892593,
      "p_loss_mw": 0.0109898498,
      "q_loss_mvar": 0.0055815956,
      "i_ka": 0.0848455374,
      "loading_percent": 0.0
    },
    "16": {
      "p_from_mw": 0.0076149489,
      "q_from_mvar": 1.829892593,
      "p_to_mw": 0.0120827118,
      "q_to_mvar": -1.8104217146,
      "p_loss_mw": 0.0196976608,
      "q_loss_mvar": 0.0194708785,
      "i_ka": 0.0820197224,
      "loading_percent": 0.0
    },
    "17": {
      "p_from_mw": -0.4947220142,
      "q_from_mvar": 1.5248740617,
      "p_to_mw": 0.4996499555,
      "q_to_mvar": -1.5191332641,
      "p_loss_mw": 0.0049279413,
      "q_loss_mvar": 0.0057407976,
      "i_ka": 0.0726264231,
      "loading_percent": 0.0
    },
    "18": {
      "p_from_mw": 0.3126393024,
      "q_from_mvar": 0.2355476529,
      "p_to_mw": -0.3107492259,
      "q_to_mvar": -0.2336575764,
      "p_loss_mw": 0.0018900764,
      "q_loss_mvar": 0.0018900764,
      "i_ka": 0.0177335281,
      "loading_percent": 0.0
    },
    "19": {
      "p_from_mw": -0.6496499555,
      "q_from_mvar": 1.4491332641,
      "p_to_mw": 0.6549856711,